<?xml version="1.0" encoding="UTF-8" standalone="yes"?>
<addon id="plugin.video.wankbank" name="Wank Bank" version="12.0" provider-name="BoneCrusher">
  <requires>
    <import addon="xbmc.python" version="2.24.0"/>
    <import addon="script.module.wankbank"/>
    <import addon="script.wankbank.artwork"/>
    <import addon="script.module.librarypack"/>
    <import addon="script.wankbank.scrapers"/>
    <import addon="script.module.resolveurl"/>
    <import addon="script.module.resolveurl.xxx"/>
    <import addon="script.module.pyxbmct"/>
	<import addon="script.module.requests" />
    <import addon="script.module.kodi-six" version="0.0.2"/>
    <import addon="script.module.six" version="1.11.0"/>
  </requires>
  <extension point="xbmc.python.pluginsource" library="default.py">
        <provides>video</provides>
  </extension>
  <extension point="xbmc.service" library="service.py" start="startup">
  </extension> 
  <extension point="xbmc.addon.metadata">
    <platform>all</platform>
    <summary lang="en"></summary>
    <description lang="en"></description>
    <disclaimer lang="en">The pages of this addon are designed for ADULTS only and may include pictures and materials that some viewers may find offensive. If you are under the age of 18, if such material offends you or if it is illegal to view such material in your community please exit the addon.</disclaimer>
    <language></language>
    <platform>all</platform>
    <license>GNU GENERAL PUBLIC LICENSE. Version 3, 29 June 2007</license>
    <website></website>
    <forum></forum>
    <assets>
        <icon>icon.png</icon>
        <fanart>fanart.jpg</fanart>
    </assets>
  </extension>
</addon>
