<?xml version="1.0" encoding="UTF-8" standalone="yes"?>
<addon id="script.wankbank.artwork" version="1.4" name="wankbank Artwork" provider-name="bonecrusher">
	<requires>
		<import addon="xbmc.python" version="2.24.0"/>
	</requires>
	<extension point="xbmc.python.module" library="lib" />
	<extension point="xbmc.addon.metadata">
		<summary>Artwork for wankbank</summary>
		<description>Artwork for wankbank is maintained separately to make distribution of the the addon itself easier/faster.</description>
		<platform>all</platform>
	</extension>
</addon>
